1001,12-20-2021,4,Nithin,3.4,Nikhil,6176859600,12-04-2022,12-04-2022,,
1002,11-20-2021,5,Dinesh,3.8,Nikhi,6176859601,12-04-2022,12-04-2022,,
1003,10-20-2021,6,Kiran,3.7,Daniel,6176859602,12-04-2022,12-04-2022,,
1004,09-20-2021,7,Rajesh,3.7,Peters,6176859603,12-04-2022,12-04-2022,,
1005,08-20-2021,8,Vipin,3.4,Jhon,6176859604,12-04-2022,12-04-2022,,
1006,07-20-2021,9,Srineeth,3.9,Wick,6176859605,12-04-2022,12-04-2022,,
1007,06-20-2021,10,Harsha,4.0,Stan,6176859606,12-04-2022,12-04-2022,,
100090,04-23-2020,11,DSnkdfsj,3.4,Nklasd,6178749087,04-23-2021,04-23-2021,06-23-2021,06-23-2021
1002,11-20-2021,5,Dinesh1,3.8,Nikhi1,6176859601,12-04-2022,12-04-2022,,
1002,11-20-2021,5,Dinesh2,3.8,Nikhi2,6176859601,12-04-2022,12-04-2022,,
1002,11-20-2021,5,Dinesh3,3.8,Nikhi3,6176859601,12-04-2022,12-04-2022,,
1002,11-20-2021,5,Dinesh4,3.8,Nikhi4,6176859601,12-04-2022,12-04-2022,,
1002,11-20-2021,5,Dinesh5,3.8,Nikhi5,6176859601,12-04-2022,12-04-2022,,
1002,11-20-2021,5,Dinesh6,3.8,Nikhi6,6176859601,12-04-2022,12-04-2022,,
1002,11-20-2021,5,Dinesh7,3.8,Nikhi7,6176859601,12-04-2022,12-04-2022,,
1002,11-20-2021,5,Dinesh8,3.8,Nikhi8,6176859601,12-04-2022,12-04-2022,,
1002,11-20-2021,5,Dinesh9,3.8,Nikhi9,6176859601,12-04-2022,12-04-2022,,
1002,11-20-2021,5,Dinesh10,3.8,Nikhi10,6176859601,12-04-2022,12-04-2022,,
1002,11-20-2021,5,Dinesh11,3.8,Nikhi1,6176859601,12-04-2022,12-04-2022,,
1002,11-20-2021,5,Dinesh21,3.8,Nikhi2,6176859601,12-04-2022,12-04-2022,,
1002,11-20-2021,5,Dinesh31,3.8,Nikhi3,6176859601,12-04-2022,12-04-2022,,
1002,11-20-2021,5,Dinesh14,3.8,Nikhi4,6176859601,12-04-2022,12-04-2022,,
1002,11-20-2021,5,Dinesh51,3.8,Nikhi5,6176859601,12-04-2022,12-04-2022,,
1002,11-20-2021,5,Dinesh16,3.8,Nikhi6,6176859601,12-04-2022,12-04-2022,,
1002,11-20-2021,5,Dinesh71,3.8,Nikhi7,6176859601,12-04-2022,12-04-2022,,
1002,11-20-2021,5,Dinesh81,3.8,Nikhi8,6176859601,12-04-2022,12-04-2022,,
1002,11-20-2021,5,Dinesh19,3.8,Nikhi9,6176859601,12-04-2022,12-04-2022,,
1002,11-20-2021,5,Dinesh110,3.8,Nikhi10,6176859601,12-04-2022,12-04-2022,,
